"","Sample.Key","metal","CPS","RSD"
"1","0","Cr52",0.024487012219991,1.56577062803791
"2","0","Cr53",0.00294748860146137,2.56540467553227
"3","0","As75",0.00629489270121524,2.85601310429678
"4","0","Cd111",0,NA
"5","0","Cd114",9.01827711722656e-05,13.5234886329261
"6","0","Pb208",0.00924441041502788,5.4595080018688
"7","0","Cr52",0.022987074183397,3.80458052816791
"8","0","Cr53",0.00255760927771401,13.5192124457597
"9","0","As75",0.00453948714656499,3.87670692782753
"10","0","Cd111",0,NA
"11","0","Cd114",8.93642781530265e-05,21.2780059600778
"12","0","Pb208",0.00430330363216684,6.39830713456081
"13","0","Cr52",0.0240995078926682,7.43538985978673
"14","0","Cr53",0.0028810365478462,12.660005241239
"15","0","As75",0.00481794947707182,5.88755080102107
"16","0","Cd111",3.04217609957904e-05,298.252564344924
"17","0","Cd114",8.36484402872599e-05,14.3524389044703
"18","0","Pb208",0.0082407852741345,28.7263156742654
"19","0","Cr52",0.0237176632641919,5.01239666936155
"20","0","Cr53",0.0026680422888439,8.36529044074314
"21","0","As75",0.00546292901451638,4.87298689198536
"22","0","Cd111",4.58418633534735e-05,92.03905785842
"23","0","Cd114",7.94439492040981e-05,27.2987594352119
"24","0","Pb208",0.00459972672702573,13.7323221530963
"25","65","Cr52",0.0168641368911452,4.02698537586311
"26","65","Cr53",0.00179508245071221,4.01191697883862
"27","65","As75",0.00493764430858473,1.74887388465628
"28","65","Cd111",2.75670571724234e-05,17.1393057860943
"29","65","Cd114",7.71629621377422e-05,4.27794134702624
"30","65","Pb208",0.0074261601697271,0.833981376873725
"31","66","Cr52",0.11321244130916,0.880495631342761
"32","66","Cr53",0.0132046810594129,0.584903261641448
"33","66","As75",0.0163767608893514,0.373963968466448
"34","66","Cd111",0.0290167040362118,1.19095134683077
"35","66","Cd114",0.0686228137106289,0.327041000743658
"36","66","Pb208",0.0374688507332884,0.844612858783824
"37","67","Cr52",0.203903997308818,1.48228176170417
"38","67","Cr53",0.0244293826511016,1.87273370679551
"39","67","As75",0.0269089108807534,3.76748621909528
"40","67","Cd111",0.055913128118275,1.69916291401753
"41","67","Cd114",0.140872242678894,0.922166973960405
"42","67","Pb208",0.0695996722653704,9.15031934092725
"43","68","Cr52",0.372294560760756,1.76854406809408
"44","68","Cr53",0.0462712407813658,1.48836577256009
"45","68","As75",0.046925197985185,1.98289652264713
"46","68","Cd111",0.112717951306397,3.65847162464144
"47","68","Cd114",0.276031414994869,0.951946469577514
"48","68","Pb208",0.125681595107793,3.99094338999266
"49","69","Cr52",0.899497011710586,0.623288960627108
"50","69","Cr53",0.110106619904917,0.928872539230507
"51","69","As75",0.112750117698672,1.39898114889515
"52","69","Cd111",0.273444894045143,0.927115162033719
"53","69","Cd114",0.690350646263302,0.18043704398558
"54","69","Pb208",0.311469808637375,1.77033682232654
"55","70","Cr52",1.75761846225382,0.183887637384877
"56","70","Cr53",0.215937130201422,0.555144303634555
"57","70","As75",0.216496817470684,0.349830516748513
"58","70","Cd111",0.546076782215622,1.96201802384612
"59","70","Cd114",1.36146141888148,0.136477627475468
"60","70","Pb208",0.603453436075465,0.353850437173042
"61","71","Cr52",3.50542207264209,0.346858773991161
"62","71","Cr53",0.425534407469603,0.124206705844225
"63","71","As75",0.426969225408559,0.583624624439032
"64","71","Cd111",1.08935726558356,0.231075006510365
"65","71","Cd114",2.72715945940982,0.279955318770712
"66","71","Pb208",1.17805040470453,0.97013744963132
"67","72","Cr52",10.333717725562,0.186228149886584
"68","72","Cr53",1.27156992072455,0.113525397203928
"69","72","As75",1.10065002723353,0.0502359113624309
"70","72","Cd111",3.25802054244776,0.107874870839656
"71","72","Cd114",8.10704926262757,0.11095007063485
"72","72","Pb208",3.11163430347355,0.225678735578522
"73","73","Cr52",17.9845884103558,0.26105283777844
"74","73","Cr53",2.17431874901256,0.0500952367761787
"75","73","As75",2.17354952859115,0.192001304080997
"76","73","Cd111",5.58180571867622,0.19621770068316
"77","73","Cd114",14.0077649475014,0.0758530136089567
"78","73","Pb208",6.0688830628795,0.177499387344754
"79","74","Cr52",90.3114127889007,0.18168326064851
"80","74","Cr53",10.9140908210173,0.158544911059459
"81","74","As75",10.9213683949176,0.163012934289175
"82","74","Cd111",27.9414331518625,0.184793642917243
"83","74","Cd114",71.7925470655592,0.0975851496113842
"84","74","Pb208",31.2974055863826,0.104263023440277
"85","75","Cr52",190.290308765173,0.209486435537895
"86","75","Cr53",23.2439941266076,0.238270289730743
"87","75","As75",23.5464193047255,0.708924808879663
"88","75","Cd111",59.0415321779764,0.462070268633694
"89","75","Cd114",150.600353007916,0.208538626937912
"90","75","Pb208",64.3916919518316,0.24785838635492
"91","0","Cr52",0.0311133989590534,6.47224958226766
"92","0","Cr53",0.00387230567801136,1.69488977195655
"93","0","As75",0.0113024398229121,1.68049847807157
"94","0","Cd111",0.00201067426777622,20.3616860437995
"95","0","Cd114",0.00478553275937569,11.7829555251501
"96","0","Pb208",0.0184497747030228,5.20552702513112
"97","0","Cr52",0.0246046844725451,0.808114730720014
"98","0","Cr53",0.00297261324152791,4.00688716949251
"99","0","As75",0.00878517477827193,8.57530684483373
"100","0","Cd111",0.000328077455365084,44.5040526064846
"101","0","Cd114",0.00122308549975798,14.1738625173135
"102","0","Pb208",0.0106696636786358,25.0390884422752
"103","0","Cr52",0.0280665884155758,1.74397241104538
"104","0","Cr53",0.00348238306684001,1.05312568034443
"105","0","As75",0.00710034209754267,0.871927287546786
"106","0","Cd111",0.000772140103567753,2.13270322661505
"107","0","Cd114",0.00213508509292792,1.54579391876505
"108","0","Pb208",0.0112515287755378,2.43027344733643
"109","0","Cr52",0.0261609129747665,6.25680922984497
"110","0","Cr53",0.00308059732861902,10.3539788377848
"111","0","As75",0.00760116194066133,8.72537347907634
"112","0","Cd111",0.00031404193252022,83.7217317478517
"113","0","Cd114",0.000921682690000118,10.9496132489531
"114","0","Pb208",0.00703473712650479,5.2423608513777
"115","NIST","Cr52",0.654141931927663,0.169444853664321
"116","NIST","Cr53",0.0806690245105235,2.10986957211667
"117","NIST","As75",0.258917989695661,1.50630529207854
"118","NIST","Cd111",0.0625818995367496,5.44632738175092
"119","NIST","Cd114",0.157433408273723,1.14275070014941
"120","NIST","Pb208",2.25268919523925,0.693613527952106
"121","6","Cr52",1.96511777822544,0.439949975435328
"122","6","Cr53",0.239986153226311,0.399571413656297
"123","6","As75",0.0341346374264537,2.01832238919667
"124","6","Cd111",0.0033962456386282,6.82365692481553
"125","6","Cd114",0.011823345397584,1.95247380630831
"126","6","Pb208",5.55775150496329,1.00540330369183
"127","7","Cr52",0.107136663181276,4.37681442278302
"128","7","Cr53",0.0131886150745002,5.24752240794276
"129","7","As75",0.00559475066644114,2.66249534789139
"130","7","Cd111",0.000388332142802226,106.42522280842
"131","7","Cd114",0.000803037694917434,36.8798382184987
"132","7","Pb208",0.0108111407613155,55.8259362906601
"133","8","Cr52",0.858528412505245,0.44406668287492
"134","8","Cr53",0.104492945355755,0.0862769549504175
"135","8","As75",0.0255988312747231,0.474078427116551
"136","8","Cd111",0.0023121536414962,9.32945338750535
"137","8","Cd114",0.00622053976655978,0.649528384497309
"138","8","Pb208",2.25952996915332,0.493147160023496
"139","9","Cr52",0.105619507606532,1.48358454178944
"140","9","Cr53",0.0127409621781059,1.30057115231035
"141","9","As75",0.00601797218883228,4.84860767189493
"142","9","Cd111",0.000357853125849255,18.742985078175
"143","9","Cd114",0.0010393003197976,1.25382651788342
"144","9","Pb208",0.0200253059606874,1.81240981031622
"145","10","Cr52",0.297503693986963,0.481161667848264
"146","10","Cr53",0.0360836745943431,0.270455082534076
"147","10","As75",0.0127343981672634,0.0389116448299085
"148","10","Cd111",0.00112127211004283,16.1324548399001
"149","10","Cd114",0.00281223431159872,0.715780548908414
"150","10","Pb208",0.559189528780998,0.460066460915433
"151","11","Cr52",0.121507215575874,0.732503682533621
"152","11","Cr53",0.0143719934374109,2.21746241033156
"153","11","As75",0.00599926175665269,12.358968535156
"154","11","Cd111",0.000155248057159748,58.9849934578543
"155","11","Cd114",0.000564974408496985,10.1904863216506
"156","11","Pb208",0.0153832943644901,4.29270199522973
"157","12","Cr52",0.920569867808142,0.491847907040392
"158","12","Cr53",0.112047617903398,0.427428593068195
"159","12","As75",0.0364409232902763,1.62021984801796
"160","12","Cd111",0.00225805159704654,9.74068479994447
"161","12","Cd114",0.00659538169498042,3.06027148930931
"162","12","Pb208",2.47192504848637,0.380941168000816
"163","13","Cr52",3.51907785571958,1.74020201782503
"164","13","Cr53",0.428544775354104,1.04838167176503
"165","13","As75",0.105680831561084,5.50268186120464
"166","13","Cd111",0.047812501251638,8.87057036083721
"167","13","Cd114",0.125085813297278,2.95943992743923
"168","13","Pb208",25.0997930611472,5.99408955156184
"169","14","Cr52",1.00979276977879,0.229215192547585
"170","14","Cr53",0.124317157816081,0.197386835123198
"171","14","As75",0.0220242567675904,0.659227770034353
"172","14","Cd111",0.00301824185423762,3.30070472495406
"173","14","Cd114",0.0115101410224326,1.58849490403459
"174","14","Pb208",2.79603540004199,0.347974591088561
"175","15","Cr52",3.5120846706817,0.533998927683943
"176","15","Cr53",0.43142736036266,0.214561112819567
"177","15","As75",0.105893510686526,0.320439262321912
"178","15","Cd111",0.0461030278593307,1.46509643218673
"179","15","Cd114",0.121890264815737,0.248982815615645
"180","15","Pb208",25.2453711233661,0.550415482602013
"181","16","Cr52",1.27373061253778,0.927604264004839
"182","16","Cr53",0.154026132052872,0.443390039235114
"183","16","As75",0.0479478166357049,0.140476399181377
"184","16","Cd111",0.0027234303372798,5.74860446924834
"185","16","Cd114",0.00813445932193722,3.05231537898228
"186","16","Pb208",3.29394456865724,0.867016428394561
"187","17","Cr52",4.00221248064462,1.44198490578173
"188","17","Cr53",0.491530888162436,0.836391028415578
"189","17","As75",0.120205743653166,1.07760746813175
"190","17","Cd111",0.0532937264790605,3.21297401429214
"191","17","Cd114",0.135825364619047,0.781079130761906
"192","17","Pb208",28.337857215089,0.956074780202545
"193","0","Cr52",0.0250539385779607,2.11259415065319
"194","0","Cr53",0.00306508868404892,4.90333150721474
"195","0","As75",0.00790561999491716,1.12960536042924
"196","0","Cd111",0.000257965627616443,16.8039508721118
"197","0","Cd114",0.000643343605982563,3.60657339982752
"198","0","Pb208",0.0107284932021482,4.6016922137605
"199","Check10","Cr52",1.90039450973726,0.283888355060101
"200","Check10","Cr53",0.231617742087221,0.183561361678745
"201","Check10","As75",0.220220586160061,0.63463835150763
"202","Check10","Cd111",0.558458364269247,0.421161742918695
"203","Check10","Cd114",1.36375413792901,0.419609365929055
"204","Check10","Pb208",0.586681316391945,1.08923860229995
"205","0","Cr52",0.0231983665699322,7.43372641379155
"206","0","Cr53",0.00301087389065163,0.683362688127027
"207","0","As75",0.00439028615297238,3.52715815263255
"208","0","Cd111",0.000181102473039438,100.195268333229
"209","0","Cd114",0.000404447098061712,11.6857584509028
"210","0","Pb208",0.00476933362823318,5.00454778821636
"211","18","Cr52",1.03636654267685,1.97976063630436
"212","18","Cr53",0.126633988573814,1.62596927671482
"213","18","As75",0.0259657040769997,1.86086669046604
"214","18","Cd111",0.00279036409470711,24.9446435598486
"215","18","Cd114",0.0119983955048352,2.06621596257211
"216","18","Pb208",2.64709571066123,0.529554393845091
"217","19","Cr52",2.85159334436487,0.256192595620065
"218","19","Cr53",0.348982092065349,0.0606606823742651
"219","19","As75",0.085960014421115,0.526068181384637
"220","19","Cd111",0.0493106169912958,2.13997630345448
"221","19","Cd114",0.125080414448584,0.203902412555882
"222","19","Pb208",26.6494804436738,0.355519021441219
"223","20","Cr52",0.111744762292402,3.29593950179551
"224","20","Cr53",0.0136542376439606,3.33847085735653
"225","20","As75",0.00669517765454298,1.40375855288513
"226","20","Cd111",0.000271343020838143,29.7055306340014
"227","20","Cd114",0.000764200699253623,13.2159493604322
"228","20","Pb208",0.0152995683916309,5.47877937910735
"229","21","Cr52",0.567338197606067,0.873137914741284
"230","21","Cr53",0.0687614721217896,0.826363568807898
"231","21","As75",0.0175492883723635,2.00513197239373
"232","21","Cd111",0.00304820951773118,18.8180618776832
"233","21","Cd114",0.00730065488818596,2.19129617445994
"234","21","Pb208",6.21982260442536,0.692261073470162
"235","22","Cr52",1.82041204546551,0.426291217324542
"236","22","Cr53",0.223452888183183,0.22521311840171
"237","22","As75",0.0483763489214553,0.673245263571114
"238","22","Cd111",0.00290721293348705,3.95163079822893
"239","22","Cd114",0.00938435716004957,0.676508542884181
"240","22","Pb208",2.80412320825117,0.332180302465144
"241","23","Cr52",3.03918909857616,0.64041321339924
"242","23","Cr53",0.369040726054923,0.8623979071653
"243","23","As75",0.0877475984687647,0.163405845297905
"244","23","Cd111",0.0385706770624607,5.29196506532562
"245","23","Cd114",0.101357265072159,1.29409283551852
"246","23","Pb208",19.9836612537145,1.68389879011064
"247","24","Cr52",3.64282196773885,0.820293168725004
"248","24","Cr53",0.447626930032611,0.303706669548072
"249","24","As75",0.0513530152209581,1.09155480280886
"250","24","Cd111",0.00454002025240298,6.93357503790831
"251","24","Cd114",0.0170202872690996,1.0085229221541
"252","24","Pb208",6.78969447927168,0.657372201527039
"253","25","Cr52",0.13995047623506,1.5928197189139
"254","25","Cr53",0.0176160573053853,1.0742020442654
"255","25","As75",0.00499238584487574,2.87276439000212
"256","25","Cd111",0.00124957845034227,7.59029356224986
"257","25","Cd114",0.00371085744933003,0.255262745755276
"258","25","Pb208",0.158160331794723,1.48150925320749
"259","26","Cr52",2.00112733669281,1.18545406168084
"260","26","Cr53",0.245408855954449,0.922738421686908
"261","26","As75",0.0248456335722799,2.46906909346824
"262","26","Cd111",0.00343509961803828,6.73973518578808
"263","26","Cd114",0.0105281314027902,0.694421399831347
"264","26","Pb208",5.47473846374044,1.04778745653333
"265","27","Cr52",4.07392220140441,0.184129299225189
"266","27","Cr53",0.496320053474168,0.186563292508552
"267","27","As75",0.119033759423128,0.486211342614213
"268","27","Cd111",0.0539742509101673,2.38388202396907
"269","27","Cd114",0.134933117282683,0.151840563567475
"270","27","Pb208",29.3382034238153,0.688291627025112
"271","38","Cr52",2.48263318429705,0.433072528232112
"272","38","Cr53",0.301909048701605,0.77548434676951
"273","38","As75",0.0256862043288799,2.14977951757882
"274","38","Cd111",0.00401689134508795,11.411233312943
"275","38","Cd114",0.00970307639751656,1.82562059074833
"276","38","Pb208",6.39671578234457,0.533826915643708
"277","39","Cr52",3.02807804873405,0.789347242862859
"278","39","Cr53",0.370599543513019,0.496032639952448
"279","39","As75",0.0909773971010874,2.58972675703014
"280","39","Cd111",0.0396395449939991,3.59503962903584
"281","39","Cd114",0.102404519287301,1.89192024368959
"282","39","Pb208",20.7283737652173,1.44802631975712
"283","0","Cr52",0.0234086319925227,19.2219777488736
"284","0","Cr53",0.00295337253608613,22.4105097331807
"285","0","As75",0.00582853075712761,17.5604825348311
"286","0","Cd111",8.69047944984051e-05,638.516747527779
"287","0","Cd114",0.000459118029312118,57.0779558682475
"288","0","Pb208",0.00696733118417777,27.3059502739443
"289","Check10","Cr52",1.92354119572804,1.2261343974005
"290","Check10","Cr53",0.234209621683579,0.733011063327785
"291","Check10","As75",0.22348838425138,0.968976413779214
"292","Check10","Cd111",0.5472279940684,0.425211206637792
"293","Check10","Cd114",1.35567690803267,0.695962565306035
"294","Check10","Pb208",0.586704944164899,2.74809278625838
"295","0","Cr52",0.0272412454669644,3.33216192654232
"296","0","Cr53",0.00307388631084218,11.4632350937544
"297","0","As75",0.00698983154603943,5.99957901385983
"298","0","Cd111",0.000248966866582623,22.069594543094
"299","0","Cd114",0.000705867415851769,23.3798726041636
"300","0","Pb208",0.00634138422810057,10.4172369653602
"301","40","Cr52",0.943902969867106,0.570936121450536
"302","40","Cr53",0.114708170634082,0.291800402734333
"303","40","As75",0.0257915938123554,1.04226420590065
"304","40","Cd111",0.00243173156822066,6.1674951326564
"305","40","Cd114",0.0115372138465248,0.362517008436966
"306","40","Pb208",3.05137724105822,0.737673720847861
"307","41","Cr52",1.26971609424646,1.08160894352857
"308","41","Cr53",0.155826518711798,0.93742903146654
"309","41","As75",0.0372354192967814,2.04705303154533
"310","41","Cd111",0.00357293252525526,17.9939524934935
"311","41","Cd114",0.0210557448506945,2.29639851040356
"312","41","Pb208",18.9220889367676,2.85645699333373
"313","42","Cr52",0.110572803510369,2.73901944847145
"314","42","Cr53",0.0131559751178072,5.24443656991918
"315","42","As75",0.00740376140789327,6.57959412930014
"316","42","Cd111",0.000207773488753176,79.4838717371034
"317","42","Cd114",0.000704880575730003,19.1430918666409
"318","42","Pb208",0.0133570261257847,12.0830000914463
"319","43","Cr52",0.103662633688163,1.08498163527604
"320","43","Cr53",0.0128905360208768,1.54006537309818
"321","43","As75",0.0062892305388354,1.10605975778372
"322","43","Cd111",0.000303238956802547,18.617526879072
"323","43","Cd114",0.000983220156940129,8.62004521979258
"324","43","Pb208",0.0318395706957599,1.17416146251242
"325","44","Cr52",4.24667423077627,0.536678132131783
"326","44","Cr53",0.520394772130928,0.206277065997294
"327","44","As75",0.123278455348147,0.744165726029104
"328","44","Cd111",0.0535405152388095,2.42175244118928
"329","44","Cd114",0.141630390012311,0.938195639657587
"330","44","Pb208",28.5633296042909,0.0707294686095805
"331","45","Cr52",1.30198116006529,0.482208468705169
"332","45","Cr53",0.159919544608187,1.05567457752903
"333","45","As75",0.0322745899242351,2.54376570138877
"334","45","Cd111",0.00442873195257879,90.2777640472874
"335","45","Cd114",0.0166761964616001,4.15266003518627
"336","45","Pb208",5.49758685661816,2.33105407104844
"337","46","Cr52",1.77533990432494,0.72741738465029
"338","46","Cr53",0.219701631162435,0.53415104266701
"339","46","As75",0.0244807168078785,2.21428630429238
"340","46","Cd111",0.00295424420667321,13.2308977705564
"341","46","Cd114",0.0124869762163678,2.67486371136285
"342","46","Pb208",7.19499458358276,0.483609718403647
"343","47","Cr52",4.34563932429953,0.809516763428281
"344","47","Cr53",0.530270469764641,2.19577258428633
"345","47","As75",0.123087936184004,0.619550393233227
"346","47","Cd111",0.0549906999815834,5.1315577166418
"347","47","Cd114",0.141404705335408,1.04592012971886
"348","47","Pb208",29.2760939381194,1.61325636875645
"349","48","Cr52",2.24092218478958,0.488868109592727
"350","48","Cr53",0.275076685478027,0.134128852990125
"351","48","As75",0.0228010763087132,2.19041435259294
"352","48","Cd111",0.00268211510382495,5.0898243864396
"353","48","Cd114",0.0113880603969248,2.46139673975355
"354","48","Pb208",5.44768672927226,0.761822458064522
"355","49","Cr52",0.109662575991602,0.994112524235184
"356","49","Cr53",0.0136814444607783,0.669200402956908
"357","49","As75",0.00525293366278572,1.06289990972201
"358","49","Cd111",0.000143859820705522,30.3714252910022
"359","49","Cd114",0.000765396399811286,2.81102164505519
"360","49","Pb208",0.0157700663401483,2.86311281963299
"361","50","Cr52",0.113366813396434,0.111010268118594
"362","50","Cr53",0.013892672906105,0.222184814876405
"363","50","As75",0.00536985971397353,0.527024580858142
"364","50","Cd111",0.000136020425915319,4.93654672832933
"365","50","Cd114",0.000389925221002588,1.2435109926391
"366","50","Pb208",0.0123183724924805,0.897198107929383
"367","51","Cr52",0.78815309197868,2.43095332846543
"368","51","Cr53",0.0967935070240599,0.080868678703909
"369","51","As75",0.0320947524140453,5.84955959392423
"370","51","Cd111",0.00268491357239767,30.3721581886417
"371","51","Cd114",0.0268334189356443,4.23073353311806
"372","51","Pb208",4.68367952212092,1.49372900569325
"373","0","Cr52",0.0234987758805963,6.07942231371729
"374","0","Cr53",0.00288994157838835,7.0243500680347
"375","0","As75",0.00461725950532678,6.20292046009065
"376","0","Cd111",4.32186034954169e-05,130.154650434199
"377","0","Cd114",0.000417794239988756,10.4962121245879
"378","0","Pb208",0.00531623397972805,9.22429383956869
"379","Check10","Cr52",1.91434832028502,3.09367117031068
"380","Check10","Cr53",0.234764672091182,2.4054964598923
"381","Check10","As75",0.219966110419918,1.41867449925217
"382","Check10","Cd111",0.536574792875171,2.61082429592208
"383","Check10","Cd114",1.34351855272134,1.52075548118712
"384","Check10","Pb208",0.56491659868945,4.35266400542724
"385","0","Cr52",0.0239841856360532,25.8638843826857
"386","0","Cr53",0.00288686756618611,3.35114016243767
"387","0","As75",0.00454858865407055,4.70399067355021
"388","0","Cd111",4.22464302674719e-05,454.360782171462
"389","0","Cd114",0.000385836647629158,2.92826023323527
"390","0","Pb208",0.00415451395291863,69.9370276173822
"391","0","Cr52",0.0252388598664751,3.24486539230402
"392","0","Cr53",0.00298270507786459,1.49811811265378
"393","0","As75",0.00720836692752127,2.05930041464156
"394","0","Cd111",6.79258109986139e-05,63.3053928249397
"395","0","Cd114",0.000221380282623474,21.6135499909425
"396","0","Pb208",0.00338227346616195,2.20252313563795
"397","Check10","Cr52",1.8956426204844,0.100572120271589
"398","Check10","Cr53",0.229788378207724,0.61507616812135
"399","Check10","As75",0.220904814540629,0.334092867018165
"400","Check10","Cd111",0.537768552446473,0.920058073801049
"401","Check10","Cd114",1.31722694467234,0.642419563148808
"402","Check10","Pb208",0.547720259418585,1.1487352464173
"403","0","Cr52",0.0258846468435272,4.77007607520904
"404","0","Cr53",0.00300746817397271,1.2707328072966
"405","0","As75",0.00691113037841272,3.10474875274525
"406","0","Cd111",0.000246624968139137,29.0071784442851
"407","0","Cd114",0.00038777665827854,20.228787009524
"408","0","Pb208",0.00469989091407722,8.06229646963208
"409","0","Cr52",0.0237176632641919,4.90909090909091
"410","0","Cr53",0.00266799644743896,8.27272727272727
"411","0","As75",0.00546292901451638,4.81818181818182
"412","0","Cd111",4.57960214946996e-05,91
"413","0","Cd114",7.9489791062872e-05,27
"414","0","Pb208",0.00459968088562079,13.5454545454545
"415","76","Cr52",0.0168640955653574,4.02970297029703
"416","76","Cr53",0.00179512378021971,4.00990099009901
"417","76","As75",0.00493764430858473,1.75247524752475
"418","76","Cd111",2.75257272557519e-05,17.1485148514851
"419","76","Cd114",7.71216322210708e-05,4.27722772277228
"420","76","Pb208",0.0074261188402196,0.831683168316832
"421","77","Cr52",0.113212486899458,0.886363636363636
"422","77","Cr53",0.0132046354650115,0.590909090909091
"423","77","As75",0.0163768064796493,0.386363636363636
"424","77","Cd111",0.0290166584459139,1.20454545454545
"425","77","Cd114",0.068622768120331,0.318181818181818
"426","77","Pb208",0.0374688507332884,0.840909090909091
"427","78","Cr52",0.203903988070618,1.25
"428","78","Cr53",0.0244293815442889,1.75
"429","78","As75",0.0269088643141694,3.5
"430","78","Cd111",0.0559131255850404,1.5
"431","78","Cd114",0.140872281603065,0.75
"432","78","Pb208",0.0695996691120448,8.25
"433","79","Cr52",0.372294543875083,1.75
"434","79","Cr53",0.0462712386827021,1.5
"435","79","As75",0.0469251504603193,2
"436","79","Cd111",0.112717991590539,3.75
"437","79","Cd114",0.276031402475276,1
"438","79","Pb208",0.125681544010878,4.125
"439","80","Cr52",0.89949697099131,0.6
"440","80","Cr53",0.110106569610784,0.933333333333333
"441","80","As75",0.112750112594594,1.4
"442","80","Cd111",0.273444926935522,0.933333333333333
"443","80","Cd114",0.690350660280801,0.2
"444","80","Pb208",0.311469749268526,1.8
"445","81","Cr52",1.75761849668571,0.166666666666667
"446","81","Cr53",0.215937184813369,0.583333333333333
"447","81","As75",0.216496782280843,0.333333333333333
"448","81","Cd111",0.546076761828358,1.91666666666667
"449","81","Cd114",1.36146152453826,0.166666666666667
"450","81","Pb208",0.603453508092111,0.333333333333333
"451","82","Cr52",3.50542222330063,0.333333333333333
"452","82","Cr53",0.425534468737243,0.142857142857143
"453","82","As75",0.426969286737865,0.571428571428571
"454","82","Cd111",1.08935726942402,0.238095238095238
"455","82","Cd114",2.72715961921115,0.285714285714286
"456","82","Pb208",1.17805049831434,1
"457","83","Cr52",10.3337181433819,0.183673469387755
"458","83","Cr53",1.27157002231236,0.122448979591837
"459","83","As75",1.10065003173474,0.0408163265306122
"460","83","Cd111",3.25802064383251,0.102040816326531
"461","83","Cd114",8.10704962518624,0.102040816326531
"462","83","Pb208",3.11163444263022,0.224489795918367
"463","84","Cr52",17.9845876100613,0.266666666666667
"464","84","Cr53",2.17431865225775,0.0333333333333333
"465","84","As75",2.17354947596859,0.2
"466","84","Cd111",5.58180542619395,0.2
"467","84","Cd114",14.0077643241712,0.0666666666666667
"468","84","Pb208",6.06888283691886,0.166666666666667
"469","85","Cr52",90.3114087986326,0.177777777777778
"470","85","Cr53",10.91409029501,0.155555555555556
"471","85","As75",10.9213679561594,0.155555555555556
"472","85","Cd111",27.9414318775092,0.177777777777778
"473","85","Cd114",71.7925439333231,0.0888888888888889
"474","85","Pb208",31.2974042433607,0.111111111111111
"475","86","Cr52",190.290308765173,0.2
"476","86","Cr53",23.2439941266076,0.2
"477","86","As75",23.5464193047255,0.7
"478","86","Cd111",59.0415321367693,0.5
"479","86","Cd114",150.600353007916,0.2
"480","86","Pb208",64.3916919518316,0.3
"481","0","Cr52",0.027413154579556,3.69230769230769
"482","0","Cr53",0.00338002247882591,1.38461538461538
"483","0","As75",0.011769384622256,1.46153846153846
"484","0","Cd111",0.00076136774539334,13.2307692307692
"485","0","Cd114",0.00185997906299884,3.46153846153846
"486","0","Pb208",0.0735887255900692,23
"487","0","Cr52",0.0266383864653454,13
"488","0","Cr53",0.00310312539355005,9.83333333333333
"489","0","As75",0.0104175416360316,3.33333333333333
"490","0","Cd111",0.000225064460296258,34
"491","0","Cd114",0.000557359208716726,2.5
"492","0","Pb208",0.0395235353206442,8.5
"493","0","Cr52",0.0295572736826839,2.61538461538462
"494","0","Cr53",0.00352871623775523,2.30769230769231
"495","0","As75",0.0116351943058144,11.6153846153846
"496","0","Cd111",0.000529706652150281,37.5384615384615
"497","0","Cd114",0.00175714838829154,3.76923076923077
"498","0","Pb208",0.0453859094693793,4.46153846153846
"499","0","Cr52",0.0254111122790742,1.29411764705882
"500","0","Cr53",0.00311685406044498,1.23529411764706
"501","0","As75",0.00956899270258828,1.32352941176471
"502","0","Cd111",0.000107165967656853,16.8529411764706
"503","0","Cd114",0.000476882528740731,8.08823529411765
"504","0","Pb208",0.0430300894070359,2.20588235294118
"505","NIST","Cr52",0.686650763273312,1.57142857142857
"506","NIST","Cr53",0.0846396508020864,0.285714285714286
"507","NIST","As75",0.271616264454125,0.285714285714286
"508","NIST","Cd111",0.0594315979924703,3.28571428571429
"509","NIST","Cd114",0.146587527878211,0.785714285714286
"510","NIST","Pb208",1.74769089296857,0.928571428571429
"511","Check10","Cr52",1.97514916736462,0.777777777777778
"512","Check10","Cr53",0.239337745068278,1.44444444444444
"513","Check10","As75",0.227983427176491,1.11111111111111
"514","Check10","Cd111",0.514524179865007,2
"515","Check10","Cd114",1.27274955421689,1.33333333333333
"516","Check10","Pb208",0.496200295938205,1.22222222222222
"517","0","Cr52",0.0252118703671547,9.25
"518","0","Cr53",0.00325857400765799,6.125
"519","0","As75",0.00776094057249624,3
"520","0","Cd111",0.00014818314369448,119.75
"521","0","Cd114",0.000479715643580493,17
"522","0","Pb208",0.0425843431291041,5.875
"523","52","Cr52",1.46371815862205,0.476190476190476
"524","52","Cr53",0.177808070630912,0.238095238095238
"525","52","As75",0.0364030733927213,0.285714285714286
"526","52","Cd111",0.00432505749223768,3.04761904761905
"527","52","Cd114",0.0215136002982952,0.380952380952381
"528","52","Pb208",10.9403725665586,0.523809523809524
"529","53","Cr52",4.52076145363403,0.4
"530","53","Cr53",0.550902962148715,0.466666666666667
"531","53","As75",0.132418550866527,0.333333333333333
"532","53","Cd111",0.0539697687950623,1.46666666666667
"533","53","Cd114",0.134028123520569,0.333333333333333
"534","53","Pb208",25.290535066399,0.666666666666667
"535","54","Cr52",1.29030848844871,0.642857142857143
"536","54","Cr53",0.156145244477034,0.5
"537","54","As75",0.0270061781915289,3
"538","54","Cd111",0.00242235147815833,5.5
"539","54","Cd114",0.0092443729903537,1.5
"540","54","Pb208",3.93496735021477,0.285714285714286
"541","55","Cr52",0.112024845796506,4.4
"542","55","Cr53",0.013753430913931,3.4
"543","55","As75",0.00900527242330182,8.4
"544","55","Cd111",0.000123037974932735,115.4
"545","55","Cd114",0.000466190887020133,8
"546","55","Pb208",0.062736325190352,5.8
"547","0","Cr52",0.0290266823264369,1.5
"548","0","Cr53",0.00347204373411766,3.16666666666667
"549","0","As75",0.00866376603319841,0.25
"550","0","Cd111",0.000201707078856852,72.8333333333333
"551","0","Cd114",0.000465574580214603,9.25
"552","0","Pb208",0.115845795217587,2.08333333333333
"553","0","Cr52",0.0237176632641919,4.90909090909091
"554","0","Cr53",0.00266799644743896,8.27272727272727
"555","0","As75",0.00546292901451638,4.81818181818182
"556","0","Cd111",4.57960214946996e-05,91
"557","0","Cd114",7.9489791062872e-05,27
"558","0","Pb208",0.00459968088562079,13.5454545454545
"559","87","Cr52",0.0168640955653574,4.02970297029703
"560","87","Cr53",0.00179512378021971,4.00990099009901
"561","87","As75",0.00493764430858473,1.75247524752475
"562","87","Cd111",2.75257272557519e-05,17.1485148514851
"563","87","Cd114",7.71216322210708e-05,4.27722772277228
"564","87","Pb208",0.0074261188402196,0.831683168316832
"565","88","Cr52",0.113212486899458,0.886363636363636
"566","88","Cr53",0.0132046354650115,0.590909090909091
"567","88","As75",0.0163768064796493,0.386363636363636
"568","88","Cd111",0.0290166584459139,1.20454545454545
"569","88","Cd114",0.068622768120331,0.318181818181818
"570","88","Pb208",0.0374688507332884,0.840909090909091
"571","89","Cr52",0.203903988070618,1.25
"572","89","Cr53",0.0244293815442889,1.75
"573","89","As75",0.0269088643141694,3.5
"574","89","Cd111",0.0559131255850404,1.5
"575","89","Cd114",0.140872281603065,0.75
"576","89","Pb208",0.0695996691120448,8.25
"577","90","Cr52",0.372294543875083,1.75
"578","90","Cr53",0.0462712386827021,1.5
"579","90","As75",0.0469251504603193,2
"580","90","Cd111",0.112717991590539,3.75
"581","90","Cd114",0.276031402475276,1
"582","90","Pb208",0.125681544010878,4.125
"583","91","Cr52",0.89949697099131,0.6
"584","91","Cr53",0.110106569610784,0.933333333333333
"585","91","As75",0.112750112594594,1.4
"586","91","Cd111",0.273444926935522,0.933333333333333
"587","91","Cd114",0.690350660280801,0.2
"588","91","Pb208",0.311469749268526,1.8
"589","92","Cr52",1.75761849668571,0.166666666666667
"590","92","Cr53",0.215937184813369,0.583333333333333
"591","92","As75",0.216496782280843,0.333333333333333
"592","92","Cd111",0.546076761828358,1.91666666666667
"593","92","Cd114",1.36146152453826,0.166666666666667
"594","92","Pb208",0.603453508092111,0.333333333333333
"595","93","Cr52",3.50542222330063,0.333333333333333
"596","93","Cr53",0.425534468737243,0.142857142857143
"597","93","As75",0.426969286737865,0.571428571428571
"598","93","Cd111",1.08935726942402,0.238095238095238
"599","93","Cd114",2.72715961921115,0.285714285714286
"600","93","Pb208",1.17805049831434,1
"601","94","Cr52",10.3337181433819,0.183673469387755
"602","94","Cr53",1.27157002231236,0.122448979591837
"603","94","As75",1.10065003173474,0.0408163265306122
"604","94","Cd111",3.25802064383251,0.102040816326531
"605","94","Cd114",8.10704962518624,0.102040816326531
"606","94","Pb208",3.11163444263022,0.224489795918367
"607","95","Cr52",17.9845876100613,0.266666666666667
"608","95","Cr53",2.17431865225775,0.0333333333333333
"609","95","As75",2.17354947596859,0.2
"610","95","Cd111",5.58180542619395,0.2
"611","95","Cd114",14.0077643241712,0.0666666666666667
"612","95","Pb208",6.06888283691886,0.166666666666667
"613","96","Cr52",90.3114087986326,0.177777777777778
"614","96","Cr53",10.91409029501,0.155555555555556
"615","96","As75",10.9213679561594,0.155555555555556
"616","96","Cd111",27.9414318775092,0.177777777777778
"617","96","Cd114",71.7925439333231,0.0888888888888889
"618","96","Pb208",31.2974042433607,0.111111111111111
"619","97","Cr52",190.290308765173,0.2
"620","97","Cr53",23.2439941266076,0.2
"621","97","As75",23.5464193047255,0.7
"622","97","Cd111",59.0415321367693,0.5
"623","97","Cd114",150.600353007916,0.2
"624","97","Pb208",64.3916919518316,0.3
"625","56","Cr52",1.25590224674887,1.625
"626","56","Cr53",0.154624713626377,0.5625
"627","56","As75",0.0377362038787435,0.25
"628","56","Cd111",0.00306918711498527,10
"629","56","Cd114",0.020180495893568,1.6875
"630","56","Pb208",17.4553882434137,3
"631","57","Cr52",3.99618025747848,2.75
"632","57","Cr53",0.487509716251635,1.5
"633","57","As75",0.11753764945743,3.25
"634","57","Cd111",0.0477973198050212,4
"635","57","Cd114",0.123024717041961,1.5
"636","57","Pb208",21.3845703043294,2.5
"637","58","Cr52",1.56494526595568,0.466666666666667
"638","58","Cr53",0.190877005644921,0.6
"639","58","As75",0.0290059904377383,1.13333333333333
"640","58","Cd111",0.00292360863929642,6.8
"641","58","Cd114",0.0122581324151338,0.733333333333333
"642","58","Pb208",4.29589111174323,0.466666666666667
"643","59","Cr52",4.32400821772227,0.8
"644","59","Cr53",0.527109301664546,0.6
"645","59","As75",0.127280190825416,0.8
"646","59","Cd111",0.0532578096688394,3.2
"647","59","Cd114",0.133692929906629,0.6
"648","59","Pb208",23.3587816467288,1.4
"649","H2O","Cr52",0.127026913393383,0.545454545454545
"650","H2O","Cr53",0.0154732226327739,1.63636363636364
"651","H2O","As75",0.00696639411971291,3.54545454545454
"652","H2O","Cd111",5.49051032067548e-05,157.454545454545
"653","H2O","Cd114",0.000148392170829067,8.72727272727273
"654","H2O","Pb208",0.0985680155514995,2.81818181818182
"655","H2O","Cr52",0.129098935287172,0.658536585365854
"656","H2O","Cr53",0.0155241734482579,0.536585365853659
"657","H2O","As75",0.00645576201154714,2.04878048780488
"658","H2O","Cd111",4.14469181353666e-05,24.4146341463415
"659","H2O","Cd114",0.000120357867378077,5.51219512195122
"660","H2O","Pb208",0.0989489783459145,2.78048780487805
"661","0","Cr52",0.0266022320631895,3.16
"662","0","Cr53",0.0031163691216438,2.56
"663","0","As75",0.00645880615064627,1.64
"664","0","Cd111",0.000107703306346124,45.8
"665","0","Cd114",0.000278647474236315,3
"666","0","Pb208",0.10341540632193,2
"667","Check10","Cr52",2.00432635603111,2.42857142857143
"668","Check10","Cr53",0.24095616220034,2.57142857142857
"669","Check10","As75",0.228845919599333,1.71428571428571
"670","Check10","Cd111",0.516603514325069,1.85714285714286
"671","Check10","Cd114",1.28501314283676,1.42857142857143
"672","Check10","Pb208",0.538052273428762,1.85714285714286
"673","0","Cr52",0.0263212363609441,1.82352941176471
"674","0","Cr53",0.00322500388321312,3.76470588235294
"675","0","As75",0.00596274599678545,3.41176470588235
"676","0","Cd111",0.000109332587887597,55.5294117647059
"677","0","Cd114",0.000306106649327592,4.05882352941177
"678","0","Pb208",0.111102816537827,1.64705882352941
